{"cameraMode":{"drawMode":0,"name":"Shaded","section":"Shading Mode"},"sceneLighting":true,"audioPlay":false,"sceneViewState":{"m_AlwaysRefresh":false,"showFog":true,"showSkybox":false,"showFlares":true,"showImageEffects":true,"showParticleSystems":true,"showVisualEffectGraphs":true,"m_FxEnabled":true},"in2DMode":false,"pivot":{"x":0.1288958191871643,"y":-1.0390115976333619,"z":-1.3738255500793458},"rotation":{"x":0.10416655987501145,"y":0.6399838924407959,"z":-0.08803930878639221,"w":0.7562388181686401},"size":4.533384799957275,"orthographic":false}